FID,name,modelobjec,x_coord,y_coord
0,Point 0,BellCreekLower - 0 - HPoint,-122.482658103999995,38.554260065500003
1,Point 1,BellCreekLower - 250 - QPoint,-122.483610751000001,38.552357036899998
2,Point 2,BellCreekLower - 500 - HPoint,-122.483179059999998,38.550233573699998
3,Point 3,BellCreekLower - 750 - QPoint,-122.481390013999999,38.548663489699997
4,Point 4,BellCreekLower - 1000 - HPoint,-122.480061949000003,38.546795459700000
5,Point 5,BellCreekLower - 1634.81005859375 - QPoint,-122.478072765999997,38.542015923000001
6,Point 6,BellCreekLower - 2269.6201171875 - HPoint,-122.483352554999996,38.538221245300001
7,Point 7,BellCreekLower - 2732.81005859375 - QPoint,-122.487283529999999,38.536334290299997
8,Point 8,BellCreekLower - 3196 - HPoint,-122.492163298999998,38.535121039000003
9,Point 9,BellReservoir - 0 - HPoint,-122.484662886999999,38.562269656700003
10,Point 10,BellReservoir - 150 - QPoint,-122.485184822999997,38.560992252500000
11,Point 11,BellReservoir - 300 - HPoint,-122.486021522000001,38.559811100499999
12,Point 12,BellReservoir - 450 - QPoint,-122.485193945999995,38.558750020600002
13,Point 13,BellReservoir - 600 - HPoint,-122.484145046999998,38.557678257299997
14,Point 14,BellReservoir - 700 - QPoint,-122.483400732999996,38.556992408799999
15,Point 15,BellReservoir - 800 - HPoint,-122.483008411000000,38.556166267999998
16,Point 16,BellReservoir - 880 - StructurePoint,-122.482819345999999,38.555461034200000
17,Point 17,BellReservoir - 935 - HPoint,-122.482662978999997,38.554980761400003
18,Point 18,CarnerosCreek - 0 - HPoint,-122.400381925999994,38.326468551100000
19,Point 19,CarnerosCreek - 500 - QPoint,-122.398896653999998,38.322298889400003
20,Point 20,CarnerosCreek - 1000 - HPoint,-122.397474232999997,38.318529365400003
21,Point 21,CarnerosCreek - 1500 - QPoint,-122.395504394000000,38.314400160200002
22,Point 22,CarnerosCreek - 2000 - HPoint,-122.391968333999998,38.311036189299998
23,Point 23,CarnerosCreek - 2446.3399658203125 - QPoint,-122.389307295999998,38.308039461299998
24,Point 24,CarnerosCreek - 2892.679931640625 - HPoint,-122.386886391000004,38.305174496299998
25,Point 25,CarnerosCreek - 3446.3399658203125 - QPoint,-122.384199550999995,38.301172893000000
26,Point 26,CarnerosCreek - 4000 - HPoint,-122.382650892000001,38.296972704799998
27,Point 27,CarnerosCreek - 4500 - QPoint,-122.382282896000007,38.293594997400000
28,Point 28,CarnerosCreek - 5000 - HPoint,-122.379252726999994,38.290284048399997
29,Point 29,CarnerosCreek - 5500 - QPoint,-122.375784010999993,38.286921434600004
30,Point 30,CarnerosCreek - 6000 - HPoint,-122.371736480999999,38.283972902099997
31,Point 31,CarnerosCreek - 6500 - QPoint,-122.368341548000004,38.281368373299998
32,Point 32,CarnerosCreek - 7000 - HPoint,-122.364054502000002,38.279202422200001
33,Point 33,CarnerosCreek - 7500 - QPoint,-122.359508661999996,38.277137640500001
34,Point 34,CarnerosCreek - 8000 - HPoint,-122.356088599000003,38.273950620199997
35,Point 35,CarnerosCreek - 8500 - QPoint,-122.352775523000005,38.270797550300003
36,Point 36,CarnerosCreek - 9000 - HPoint,-122.351466798999994,38.267032657500003
37,Point 37,CarnerosCreek - 9500 - QPoint,-122.347810043999999,38.264348421999998
38,Point 38,CarnerosCreek - 10000 - HPoint,-122.346026873000000,38.261060142700003
39,Point 39,CarnerosCreek - 10500 - QPoint,-122.341806418999994,38.259255129000003
40,Point 40,CarnerosCreek - 11000 - HPoint,-122.339548128000004,38.255225943100001
41,Point 41,CarnerosCreek - 11500 - QPoint,-122.336732052000002,38.251780728699998
42,Point 42,CarnerosCreek - 12000 - HPoint,-122.333942992000004,38.248161733499998
43,Point 43,CarnerosCreek - 12566.60009765625 - QPoint,-122.331718746999996,38.244167372699998
44,Point 44,CarnerosCreek - 13133.2001953125 - HPoint,-122.325585554000000,38.242657614899997
45,Point 45,CarnerosCreek - 13566.60009765625 - QPoint,-122.323480228999998,38.239540091700000
46,Point 46,CarnerosCreek - 14000 - HPoint,-122.319581025999994,38.237859069599999
47,Point 47,CarnerosCreek - 14750 - QPoint,-122.314325882999995,38.233516999300001
48,Point 48,CarnerosCreek - 15500 - HPoint,-122.312996724000001,38.227018871699997
49,Point 49,CarnerosCreek - 15901 - QPoint,-122.313488440000000,38.224585077800000
50,Point 50,CarnerosCreek - 16302 - HPoint,-122.311409472999998,38.221700425800002
51,Point 51,ConnCreek - 0 - HPoint,-122.460836779000005,38.586240663799998
52,Point 52,ConnCreek - 500 - QPoint,-122.458048468000001,38.583073222000003
53,Point 53,ConnCreek - 1000 - HPoint,-122.453868952999997,38.581120076200001
54,Point 54,ConnCreek - 1500 - QPoint,-122.449769141000004,38.579013616200001
55,Point 55,ConnCreek - 2000 - HPoint,-122.445646561000004,38.576115079200001
56,Point 56,ConnCreek - 2500 - QPoint,-122.445936328000002,38.571969701100002
57,Point 57,ConnCreek - 3000 - HPoint,-122.445013180999993,38.567782730399998
58,Point 58,ConnCreek - 3500 - QPoint,-122.442469329000005,38.563833146500002
59,Point 59,ConnCreek - 4000 - HPoint,-122.441444532999995,38.559801535299997
60,Point 60,ConnCreek - 4500 - QPoint,-122.442178975000004,38.555837188500000
61,Point 61,ConnCreek - 5000 - HPoint,-122.444979059999994,38.552654266399998
62,Point 62,ConnCreek - 5500 - QPoint,-122.448902816000000,38.550261663599997
63,Point 63,ConnCreek - 6000 - HPoint,-122.446539092999998,38.546672612300000
64,Point 64,ConnCreek - 6500 - QPoint,-122.444069967000004,38.543587959000000
65,Point 65,ConnCreek - 7000 - HPoint,-122.443438792999999,38.539179172399997
66,Point 66,ConnCreek - 7500 - QPoint,-122.440728191000005,38.535369380399999
67,Point 67,ConnCreek - 8000 - HPoint,-122.440056307999996,38.531089351799999
68,Point 68,ConnCreek - 8500 - QPoint,-122.437977279999998,38.527174760400001
69,Point 69,ConnCreek - 9000 - HPoint,-122.433419545999996,38.524746388200001
70,Point 70,ConnCreek - 9500 - QPoint,-122.429855559000003,38.521954710800003
71,Point 71,ConnCreek - 10000 - HPoint,-122.425666312000004,38.519163984000002
72,Point 72,ConnCreek - 10500 - QPoint,-122.420775108000001,38.517166150500003
73,Point 73,ConnCreek - 11000 - HPoint,-122.416579803000005,38.515432991799997
74,Point 74,ConnCreek - 11500 - QPoint,-122.413943012999994,38.512140616099998
75,Point 75,ConnCreek - 12000 - HPoint,-122.410698088999993,38.508954647499998
76,Point 76,ConnCreek - 12500 - QPoint,-122.405738737999997,38.507901846999999
77,Point 77,ConnCreek - 13000 - HPoint,-122.400999562999999,38.507322778099997
78,Point 78,ConnCreek - 13370 - QPoint,-122.397120005999994,38.506073123299998
79,Point 79,ConnCreek - 13740 - HPoint,-122.393698732000004,38.504507323600002
80,Point 80,CONNCREEK-LOWER - 0 - HPoint,-122.373629672000007,38.481511107099998
81,Point 81,CONNCREEK-LOWER - 100 - StructurePoint,-122.374760269000006,38.481658608200000
82,Point 82,CONNCREEK-LOWER - 1000 - HPoint,-122.383910924000006,38.484913160100000
83,Point 83,CONNCREEK-LOWER - 1500 - QPoint,-122.388991204000007,38.486617115599998
84,Point 84,CONNCREEK-LOWER - 2000 - HPoint,-122.394363480999999,38.487788678699999
85,Point 85,CONNCREEK-LOWER - 2500 - QPoint,-122.399575303000006,38.487562823300003
86,Point 86,CONNCREEK-LOWER - 3000 - HPoint,-122.404931931999997,38.488075605699997
87,Point 87,CONNCREEK-LOWER - 3500 - QPoint,-122.404291581999999,38.484271678399999
88,Point 88,CONNCREEK-LOWER - 4000 - HPoint,-122.403316877999998,38.479959839099998
89,Point 89,CONNCREEK-LOWER - 4500 - QPoint,-122.400056129999996,38.476539141600000
90,Point 90,CONNCREEK-LOWER - 5000 - HPoint,-122.397541607999997,38.473257914100003
91,Point 91,CONNCREEK-LOWER - 5360 - QPoint,-122.396731626000005,38.470200846899999
92,Point 92,CONNCREEK-LOWER - 5720 - HPoint,-122.394360363000004,38.467553395400003
93,Point 93,CONNCREEK-LOWER - 6185 - QPoint,-122.391637477000003,38.463967071399999
94,Point 94,CONNCREEK-LOWER - 6650 - HPoint,-122.389234381999998,38.460228420400000
95,Point 95,CONNCREEK-LOWER - 7325 - QPoint,-122.386827850000003,38.454947020100001
96,Point 96,CONNCREEK-LOWER - 8000 - HPoint,-122.382689080999995,38.449841102500002
97,Point 97,CONNCREEK-LOWER - 8687.28076171875 - QPoint,-122.378225599000004,38.444761138200001
98,Point 98,CONNCREEK-LOWER - 9374.5615234375 - HPoint,-122.374898320000000,38.439345345400000
99,Point 99,CONNCREEK-LOWER - 9687.28076171875 - QPoint,-122.375695364999999,38.436600898800002
100,Point 100,CONNCREEK-LOWER - 10000 - HPoint,-122.375195770000005,38.433873403200003
101,Point 101,CONNCREEK-LOWER - 10377.133625688075 - QPoint,-122.372931600000001,38.430992392000000
102,Point 102,CONNCREEK-LOWER - 10754.26725137615 - HPoint,-122.371059525000007,38.428006530300003
103,Point 103,CONNCREEK-LOWER - 10827.133625688075 - QPoint,-122.370565959999993,38.427477238500003
104,Point 104,CONNCREEK-LOWER - 10900 - HPoint,-122.370066637999997,38.426951512599999
105,Point 105,CONNCREEK-LOWER - 11100 - QPoint,-122.368454197999995,38.425703682799998
106,Point 106,CONNCREEK-LOWER - 11300 - HPoint,-122.366261351999995,38.425211716600003
107,Point 107,CONNCREEK-LOWER - 11971 - QPoint,-122.358928524000007,38.423810940700001
108,Point 108,CONNCREEK-LOWER - 12642 - HPoint,-122.353267892000005,38.419864219499999
109,Point 109,GarnettCreek - 0 - HPoint,-122.572224864999995,38.635563483500000
110,Point 110,GarnettCreek - 500 - QPoint,-122.575820954999998,38.632309844900000
111,Point 111,GarnettCreek - 1000 - HPoint,-122.577158093999998,38.628254261700000
112,Point 112,GarnettCreek - 1484.4349975585938 - QPoint,-122.579360301999998,38.624563725500003
113,Point 113,GarnettCreek - 1968.8699951171875 - HPoint,-122.581982498000002,38.620830243900002
114,Point 114,GarnettCreek - 2484.4349975585938 - QPoint,-122.585572213000006,38.617479011900002
115,Point 115,GarnettCreek - 3000 - HPoint,-122.587035301000000,38.613082050400003
116,Point 116,GarnettCreek - 3396.6534423828125 - QPoint,-122.588036407000004,38.609692135700001
117,Point 117,GarnettCreek - 3793.306884765625 - HPoint,-122.589558542000006,38.606557677600001
118,Point 118,GarnettCreek - 4130.8919677734375 - QPoint,-122.589002883999996,38.603608712499998
119,Point 119,GarnettCreek - 4468.47705078125 - HPoint,-122.588477683999997,38.600797409800002
120,Point 120,GarnettCreek - 5464.238525390625 - QPoint,-122.591116841000002,38.594519733399999
121,Point 121,GarnettCreek - 6460 - HPoint,-122.592372186999995,38.585912683899998
122,Point 122,HopperCreek - 0 - HPoint,-122.392287994000000,38.393792677900002
123,Point 123,HopperCreek - 500 - QPoint,-122.395384183999994,38.397458323000002
124,Point 124,HopperCreek - 1000 - HPoint,-122.393593088000003,38.401227636800002
125,Point 125,HopperCreek - 1537.490478515625 - QPoint,-122.388791521000002,38.404111945799997
126,Point 126,HopperCreek - 2074.98095703125 - HPoint,-122.387331395999993,38.408583992899999
127,Point 127,HopperCreek - 3138.577392578125 - QPoint,-122.377559927999997,38.407295907399998
128,Point 128,HopperCreek - 4202.173828125 - HPoint,-122.367160881000004,38.404776055200003
129,Point 129,HopperCreek - 4607.73681640625 - QPoint,-122.362727393000000,38.405595476999999
130,Point 130,HopperCreek - 5013.2998046875 - HPoint,-122.359601173000001,38.404079130600003
131,Point 131,HopperCreek - 5843.9375 - QPoint,-122.356198900999999,38.397326447399998
132,Point 132,HopperCreek - 6674.5751953125 - HPoint,-122.349135970000006,38.394471744900002
133,Point 133,HopperCreek - 7505.931396484375 - QPoint,-122.345093817999995,38.389181958300000
134,Point 134,HopperCreek - 8337.28759765625 - HPoint,-122.345844037000006,38.383047321600003
135,Point 135,HopperCreek - 9168.643798828125 - QPoint,-122.337286110999997,38.380310170000001
136,Point 136,HopperCreek - 10000 - HPoint,-122.328069679999999,38.378738501500003
137,Point 137,HopperCreek - 10561.4619140625 - QPoint,-122.322665901999997,38.378500131599999
138,Point 138,HopperCreek - 11122.923828125 - HPoint,-122.317122592000004,38.377357177699999
139,Point 139,HopperCreek - 11698.9619140625 - QPoint,-122.312246787000007,38.376107769100003
140,Point 140,HopperCreek - 12275 - HPoint,-122.307377173999996,38.373239464199997
141,Point 141,HuichicaCreek - 0 - HPoint,-122.397782125000006,38.290802478000003
142,Point 142,HuichicaCreek - 500 - QPoint,-122.394847099000003,38.287233208600000
143,Point 143,HuichicaCreek - 1000 - HPoint,-122.395937979999999,38.283595977099999
144,Point 144,HuichicaCreek - 1322.5 - QPoint,-122.394023398000002,38.281289417899998
145,Point 145,HuichicaCreek - 1645 - HPoint,-122.391089761999993,38.279924676299999
146,Point 146,HuichicaCreek - 2055 - QPoint,-122.386657653000000,38.279048237900000
147,Point 147,HuichicaCreek - 2465 - HPoint,-122.382867519000001,38.277447189299998
148,Point 148,HuichicaCreek - 2917.5 - QPoint,-122.380451883000006,38.274651260799999
149,Point 149,HuichicaCreek - 3370 - HPoint,-122.376601445999995,38.273899216600000
150,Point 150,HuichicaCreek - 3771 - QPoint,-122.373721743000004,38.272161777299999
151,Point 151,HuichicaCreek - 4172 - HPoint,-122.377084937000006,38.269976004999997
152,Point 152,HuichicaCreek - 4573.5 - QPoint,-122.377930636000002,38.266516910900002
153,Point 153,HuichicaCreek - 4975 - HPoint,-122.379809984000005,38.263722684000001
154,Point 154,HuichicaCreek - 5455.5 - QPoint,-122.377828983000001,38.260252349700004
155,Point 155,HuichicaCreek - 5936 - HPoint,-122.373608703000002,38.258367760699997
156,Point 156,HuichicaCreek - 6383 - QPoint,-122.369552881999994,38.256172921199997
157,Point 157,HuichicaCreek - 6830 - HPoint,-122.364923566000002,38.254973068600002
158,Point 158,HuichicaCreek - 7416 - QPoint,-122.361334670999995,38.250807849799997
159,Point 159,HuichicaCreek - 8002 - HPoint,-122.360876524999995,38.245721258800003
160,Point 160,HuichicaCreek - 8608.5 - QPoint,-122.357281043000000,38.241279135500001
161,Point 161,HuichicaCreek - 9215 - HPoint,-122.355555541000001,38.236141281599998
162,Point 162,HuichicaCreek - 9687.5 - QPoint,-122.355082714000005,38.231913302999999
163,Point 163,HuichicaCreek - 10160 - HPoint,-122.355336547999997,38.227781965699997
164,Point 164,HuichicaCreek - 10430 - QPoint,-122.355011747999995,38.225491835600003
165,Point 165,HuichicaCreek - 10700 - HPoint,-122.353596705000001,38.223423132199997
166,Point 166,HuichicaCreek - 11121 - QPoint,-122.354734644999994,38.220088142599998
167,Point 167,HuichicaCreek - 11542 - HPoint,-122.357293873000003,38.217242900999999
168,Point 168,HuichicaCreek - 12337 - QPoint,-122.358020636000006,38.211907892100001
169,Point 169,HuichicaCreek - 13132 - HPoint,-122.356100208000001,38.206348624800000
170,Point 170,HuichicaCreek - 13579.5 - QPoint,-122.352975764000007,38.203578426800000
171,Point 171,HuichicaCreek - 14027 - HPoint,-122.350361622999998,38.200688200999998
172,Point 172,HuichicaCreekLower - 0 - HPoint,-122.350811653999997,38.199335517199998
173,Point 173,HuichicaCreekLower - 380 - QPoint,-122.350467480999995,38.195968524599998
174,Point 174,HuichicaCreekLower - 760 - HPoint,-122.350661579000004,38.192854256300002
175,Point 175,HuichicaCreekLower - 1130 - QPoint,-122.347829707000002,38.190422185700001
176,Point 176,HuichicaCreekLower - 1500 - HPoint,-122.343747262999997,38.189807544700002
177,Point 177,HuichicaCreekLower - 2250 - QPoint,-122.336095649000001,38.191504453199997
178,Point 178,HuichicaCreekLower - 3000 - HPoint,-122.328524164000001,38.192668468299999
179,Point 179,HuichicaCreekLower - 3500 - QPoint,-122.327395323000005,38.188587948799999
180,Point 180,HuichicaCreekLower - 4000 - HPoint,-122.323843599000000,38.185649793600000
181,Point 181,HuichicaCreekLower - 4839.5 - QPoint,-122.316960780000002,38.183947206699997
182,Point 182,HuichicaCreekLower - 5679 - HPoint,-122.309287846000004,38.179905570300001
183,Point 183,KimballCreek - 0 - HPoint,-122.620805102000006,38.648106176299997
184,Point 184,KimballCreek - 750 - QPoint,-122.615602706000004,38.643655440899998
185,Point 185,KimballCreek - 1500 - HPoint,-122.608319174000002,38.642187275700003
186,Point 186,KimballCreek - 2498 - QPoint,-122.609548943999997,38.634438216299998
187,Point 187,KimballCreek - 3496 - HPoint,-122.612246619000004,38.628061609299998
188,Point 188,KimballReservoir - 0 - HPoint,-122.613270130999993,38.626885023500002
189,Point 189,KimballReservoir - 118.5 - QPoint,-122.613260943000000,38.625817017000003
190,Point 190,KimballReservoir - 237 - HPoint,-122.613585756000006,38.624806773499998
191,Point 191,KimballReservoir - 377.5 - QPoint,-122.614274432000002,38.623661491900002
192,Point 192,KimballReservoir - 518 - HPoint,-122.614493506000002,38.622462779099997
193,Point 193,KimballReservoir - 593 - QPoint,-122.613860912999996,38.622003799200002
194,Point 194,KimballReservoir - 668 - HPoint,-122.613228339000003,38.621544815699998
195,Point 195,KimballReservoir - 700 - StructurePoint,-122.612958440000000,38.621348982699999
196,Point 196,KimballReservoir - 737 - HPoint,-122.612646376000001,38.621122552199999
197,Point 197,LakeHennessey - 0 - HPoint,-122.389105533999995,38.503171531900001
198,Point 198,LakeHennessey - 250 - QPoint,-122.386723086000003,38.501919428900003
199,Point 199,LakeHennessey - 500 - HPoint,-122.384358988000002,38.500648900999998
200,Point 200,LakeHennessey - 750 - QPoint,-122.382239127999995,38.499133115500001
201,Point 201,LakeHennessey - 1000 - HPoint,-122.380119358000002,38.497617290999997
202,Point 202,LakeHennessey - 1500 - QPoint,-122.375880089000006,38.494585516599997
203,Point 203,LakeHennessey - 2000 - HPoint,-122.371050921999995,38.492209591900000
204,Point 204,LakeHennessey - 2250 - QPoint,-122.368525968000000,38.491144337100003
205,Point 205,LakeHennessey - 2500 - HPoint,-122.366001088999994,38.490079036200001
206,Point 206,LakeHennessey - 3022.77001953125 - QPoint,-122.360523583000003,38.488292870300000
207,Point 207,LakeHennessey - 3545.5400390625 - HPoint,-122.354633648999993,38.487426708999998
208,Point 208,LakeHennessey - 3772.77001953125 - QPoint,-122.356930747999996,38.486461796800000
209,Point 209,LakeHennessey - 4000 - HPoint,-122.359278110999995,38.485587330000001
210,Point 210,LakeHennessey - 4250 - QPoint,-122.361985626000006,38.484849839900001
211,Point 211,LakeHennessey - 4500 - HPoint,-122.364734988999999,38.484220125900002
212,Point 212,LakeHennessey - 4844 - QPoint,-122.368503101000002,38.483344196799997
213,Point 213,LakeHennessey - 5188 - HPoint,-122.371911943000001,38.481786912600001
214,Point 214,MillikenCreekLower - 0 - HPoint,-122.227854624000003,38.376757082099999
215,Point 215,MillikenCreekLower - 175 - QPoint,-122.228347147999997,38.375229049200001
216,Point 216,MillikenCreekLower - 350 - HPoint,-122.228839663000002,38.373701014399998
217,Point 217,MillikenCreekLower - 675 - QPoint,-122.230378688000002,38.371077825500002
218,Point 218,MillikenCreekLower - 1000 - HPoint,-122.232888915000004,38.368927381100001
219,Point 219,MillikenCreekLower - 1475 - QPoint,-122.238123938000001,38.368985005500001
220,Point 220,MillikenCreekLower - 1950 - HPoint,-122.240856664000006,38.366750776700002
221,Point 221,MillikenCreekLower - 2125 - QPoint,-122.242316834999997,38.365672075399999
222,Point 222,MillikenCreekLower - 2300 - HPoint,-122.243396476000001,38.364345785300003
223,Point 223,MillikenCreekLower - 2987.5 - QPoint,-122.249642997999999,38.361738703100002
224,Point 224,MillikenCreekLower - 3675 - HPoint,-122.256867673000002,38.360198763800000
225,Point 225,MillikenCreekLower - 4087.5 - QPoint,-122.259852144999996,38.357837616200001
226,Point 226,MillikenCreekLower - 4500 - HPoint,-122.260971497000000,38.354687468400002
227,Point 227,MillikenCreekLower - 5250 - QPoint,-122.263669854000000,38.349182805300003
228,Point 228,MillikenCreekLower - 6000 - HPoint,-122.264434496000007,38.342635134299996
229,Point 229,MillikenCreekLower - 6750 - QPoint,-122.270376205999995,38.337821111399997
230,Point 230,MillikenCreekLower - 7500 - HPoint,-122.273522052000004,38.331725668899999
231,Point 231,MillikenCreekLower - 8381.5 - QPoint,-122.274231177000004,38.324167666199997
232,Point 232,MillikenCreekLower - 9263 - HPoint,-122.276262023000001,38.317012936799998
233,Point 233,MillikenReservoir - 0 - HPoint,-122.231326331000005,38.388641837199998
234,Point 234,MillikenReservoir - 250 - QPoint,-122.231319049999996,38.386390408899999
235,Point 235,MillikenReservoir - 500 - HPoint,-122.230353679000004,38.384283253900001
236,Point 236,MillikenReservoir - 650 - QPoint,-122.229797387999994,38.383005504499998
237,Point 237,MillikenReservoir - 800 - HPoint,-122.229250573000002,38.381725049099998
238,Point 238,MillikenReservoir - 975 - QPoint,-122.228717778000004,38.380205892500001
239,Point 239,MillikenReservoir - 1150 - HPoint,-122.228278075000006,38.378669189599997
240,Point 240,MillikenReservoir - 1200 - StructurePoint,-122.228164488000004,38.378227864300001
241,Point 241,MillikenReservoir - 1234 - HPoint,-122.228087242000001,38.377927770600003
242,Point 242,NapaRiver - 0 - HPoint,-122.612294144000003,38.620223512700001
243,Point 243,NapaRiver - 752.5 - QPoint,-122.613386456000001,38.613709536300000
244,Point 244,NapaRiver - 1505 - HPoint,-122.610417736000002,38.607754770800000
245,Point 245,NapaRiver - 2505 - QPoint,-122.601852292000004,38.603521099500000
246,Point 246,NapaRiver - 3505 - HPoint,-122.598197137000000,38.596159960300000
247,Point 247,NapaRiver - 4312.964568387657 - QPoint,-122.597799531999996,38.589811306000001
248,Point 248,NapaRiver - 5120.9291367753131 - HPoint,-122.592593504999996,38.584920559799997
249,Point 249,NapaRiver - 5482.611541043907 - QPoint,-122.589407718999993,38.583221406600003
250,Point 250,NapaRiver - 5844.2939453125 - HPoint,-122.587511554000002,38.581072584099999
251,Point 251,NapaRiver - 7113.64697265625 - QPoint,-122.575437149999999,38.576838463900003
252,Point 252,NapaRiver - 8383 - HPoint,-122.562534821000000,38.572367378899997
253,Point 253,NapaRiver - 8644 - QPoint,-122.559815318000005,38.571552914900003
254,Point 254,NapaRiver - 8905 - HPoint,-122.558039682000000,38.569686275000002
255,Point 255,NapaRiver - 9438 - QPoint,-122.552546805000006,38.567735980000002
256,Point 256,NapaRiver - 9971 - HPoint,-122.548124745999999,38.564691046900002
257,Point 257,NapaRiver - 10834 - QPoint,-122.539064809999999,38.564522911399997
258,Point 258,NapaRiver - 11697 - HPoint,-122.530445075000003,38.563509404700000
259,Point 259,NapaRiver - 12043.89599609375 - QPoint,-122.527188903999999,38.562077736799999
260,Point 260,NapaRiver - 12390.7919921875 - HPoint,-122.524119462000002,38.560295917600001
261,Point 261,NapaRiver - 12512.89599609375 - QPoint,-122.522738899999993,38.560483007199998
262,Point 262,NapaRiver - 12635 - HPoint,-122.521360565999998,38.560663511800001
263,Point 263,NapaRiver - 13174.00244140625 - QPoint,-122.515878569999998,38.559718314000001
264,Point 264,NapaRiver - 13713.0048828125 - HPoint,-122.510685182000003,38.558914538300002
265,Point 265,NapaRiver - 13787.3349609375 - QPoint,-122.510050933000002,38.558466886700003
266,Point 266,NapaRiver - 13861.6650390625 - HPoint,-122.509416693000006,38.558019231599999
267,Point 267,NapaRiver - 14476.56396484375 - QPoint,-122.504804811000000,38.554680554100003
268,Point 268,NapaRiver - 15091.462890625 - HPoint,-122.502932064000007,38.549579164900003
269,Point 269,NapaRiver - 15609.19677734375 - QPoint,-122.498408315999995,38.546614418499999
270,Point 270,NapaRiver - 16126.9306640625 - HPoint,-122.495542596000007,38.542764241599997
271,Point 271,NapaRiver - 16684.83544921875 - QPoint,-122.492190899999997,38.539123836900004
272,Point 272,NapaRiver - 17242.740234375 - HPoint,-122.493304017000000,38.534215293899997
273,Point 273,NapaRiver - 17668.8701171875 - QPoint,-122.492465656999997,38.530469912500003
274,Point 274,NapaRiver - 18095 - HPoint,-122.490501821999999,38.527014193100001
275,Point 275,NapaRiver - 18865 - QPoint,-122.484276385000001,38.523119659800003
276,Point 276,NapaRiver - 19635 - HPoint,-122.475901461000007,38.522035045300001
277,Point 277,NapaRiver - 19749.5 - QPoint,-122.474747671000003,38.521542672300001
278,Point 278,NapaRiver - 19864 - HPoint,-122.473596060999995,38.521048089700002
279,Point 279,NapaRiver - 20833.869140625 - QPoint,-122.464849458000003,38.517025992999997
280,Point 280,NapaRiver - 21803.73828125 - HPoint,-122.458175146000002,38.511386934199997
281,Point 281,NapaRiver - 21860.7470703125 - QPoint,-122.457657170999994,38.511073662900003
282,Point 282,NapaRiver - 21917.755859375 - HPoint,-122.457139200000000,38.510760398300000
283,Point 283,NapaRiver - 22211.3779296875 - QPoint,-122.453964541000005,38.511128638300001
284,Point 284,NapaRiver - 22505 - HPoint,-122.451194991999998,38.509632342899998
285,Point 285,NapaRiver - 23541.6708984375 - QPoint,-122.441140215000004,38.505256815199999
286,Point 286,NapaRiver - 24578.341796875 - HPoint,-122.432535767999994,38.499774039400002
287,Point 287,NapaRiver - 25015.6708984375 - QPoint,-122.429323217999993,38.497754731400001
288,Point 288,NapaRiver - 25453 - HPoint,-122.425630873000003,38.495290312999998
289,Point 289,NapaRiver - 26420.5 - QPoint,-122.423158204000003,38.487204291899999
290,Point 290,NapaRiver - 27388 - HPoint,-122.416704379999999,38.480667822100003
291,Point 291,NapaRiver - 28355.5 - QPoint,-122.414181307000007,38.472823335500003
292,Point 292,NapaRiver - 29323 - HPoint,-122.412267111999995,38.464799105899999
293,Point 293,NapaRiver - 30200.75 - QPoint,-122.409488389000003,38.458345996299997
294,Point 294,NapaRiver - 31078.5 - HPoint,-122.403800146999998,38.453105327499998
295,Point 295,NapaRiver - 31956.25 - QPoint,-122.402158634000003,38.446040074599999
296,Point 296,NapaRiver - 32834 - HPoint,-122.395181159000003,38.440989168599998
297,Point 297,NapaRiver - 33364.458984375 - QPoint,-122.391298414999994,38.437489207399999
298,Point 298,NapaRiver - 33894.91796875 - HPoint,-122.389069082000006,38.433352631799998
299,Point 299,NapaRiver - 34387.896484375 - QPoint,-122.384318093999994,38.431710526300002
300,Point 300,NapaRiver - 34880.875 - HPoint,-122.380910932999996,38.428424922799998
301,Point 301,NapaRiver - 36375.0703125 - QPoint,-122.368665706000002,38.421170833399998
302,Point 302,NapaRiver - 37869.265625 - HPoint,-122.353378851000002,38.419143178500001
303,Point 303,NapaRiver - 37964.1328125 - QPoint,-122.352720665000007,38.418555747900001
304,Point 304,NapaRiver - 38059 - HPoint,-122.351761131999993,38.418156175000000
305,Point 305,NapaRiver - 39131.0546875 - QPoint,-122.344121369999996,38.412215417500001
306,Point 306,NapaRiver - 40203.109375 - HPoint,-122.341653166000000,38.403109077800003
307,Point 307,NapaRiver - 41275.1640625 - QPoint,-122.341885896999997,38.393941067999997
308,Point 308,NapaRiver - 42347.21875 - HPoint,-122.335693569000000,38.387021659699997
309,Point 309,NapaRiver - 43419.2734375 - QPoint,-122.323869208999994,38.386753995799999
310,Point 310,NapaRiver - 44491.328125 - HPoint,-122.314852400999996,38.381597554099997
311,Point 311,NapaRiver - 44707.03515625 - QPoint,-122.313139781000004,38.380197929300003
312,Point 312,NapaRiver - 44922.7421875 - HPoint,-122.311406743000006,38.378814153999997
313,Point 313,NapaRiver - 45384.37109375 - QPoint,-122.308727332000004,38.375499885000004
314,Point 314,NapaRiver - 45846 - HPoint,-122.305541691000002,38.372252930800002
315,Point 315,NapaRiver - 46068.5 - QPoint,-122.304395384000003,38.370463107900001
316,Point 316,NapaRiver - 46291 - HPoint,-122.303695321000006,38.368560318999997
317,Point 317,NapaRiver - 46985.501953125 - QPoint,-122.301988616000003,38.363561778499999
318,Point 318,NapaRiver - 47680.00390625 - HPoint,-122.298733528000000,38.358667816400001
319,Point 319,NapaRiver - 48202.36328125 - QPoint,-122.294286107000005,38.356054408100000
320,Point 320,NapaRiver - 48724.72265625 - HPoint,-122.291041153999998,38.352111035900002
321,Point 321,NapaRiver - 49864.861328125 - QPoint,-122.287889681999999,38.342705888899999
322,Point 322,NapaRiver - 51005 - HPoint,-122.284012751000006,38.333702757799998
323,Point 323,NapaRiver - 52148.587890625 - QPoint,-122.284149171999999,38.324862008700002
324,Point 324,NapaRiver - 53292.17578125 - HPoint,-122.277404786999995,38.316830017900003
325,Point 325,NapaRiver - 54581.759765625 - QPoint,-122.281020029000004,38.306369106100000
326,Point 326,NapaRiver - 55871.34375 - HPoint,-122.283618856000004,38.297896418800001
327,Point 327,NapaRiver - 56703.232421875 - QPoint,-122.281933069999994,38.290984502699999
328,Point 328,NapaRiver - 57535.12109375 - HPoint,-122.285509078999993,38.284558698700003
329,Point 329,NapaRiver - 58486.4150390625 - QPoint,-122.281993236000005,38.277105726400002
330,Point 330,NapaRiver - 59437.708984375 - HPoint,-122.286821473000003,38.269786297400003
331,Point 331,NapaRiver - 60389.0029296875 - QPoint,-122.286219156000001,38.261842630099999
332,Point 332,NapaRiver - 61340.296875 - HPoint,-122.284243519000000,38.253661690599998
333,Point 333,NapaRiver - 61800.462890625 - QPoint,-122.284341327000007,38.249518916699998
334,Point 334,NapaRiver - 62260.62890625 - HPoint,-122.284324880000000,38.245373417200000
335,Point 335,NapaRiver - 63654.986328125 - QPoint,-122.287936114000004,38.233522055100003
336,Point 336,NapaRiver - 65049.34375 - HPoint,-122.301845620999998,38.228482453900000
337,Point 337,NapaRiver - 65650.84765625 - QPoint,-122.307113083999994,38.225110993000001
338,Point 338,NapaRiver - 66252.3515625 - HPoint,-122.309804529000004,38.220263369500003
339,Point 339,NapaRiver - 67501.33203125 - QPoint,-122.307878148000000,38.209482882899998
340,Point 340,NapaRiver - 68750.3125 - HPoint,-122.313933934999994,38.200188677699998
341,Point 341,NapaRiver - 69999.29296875 - QPoint,-122.312338322000002,38.189450868900003
342,Point 342,NapaRiver - 71248.2734375 - HPoint,-122.305066277999998,38.180187095599997
343,Point 343,NapaRiver - 71958.265625 - QPoint,-122.299216928999996,38.175768507199997
344,Point 344,NapaRiver - 72668.2578125 - HPoint,-122.294754781999998,38.170484542799997
345,Point 345,NapaRiver - 73501.943359375 - QPoint,-122.296666086000002,38.163180092399998
346,Point 346,NapaRiver - 74335.62890625 - HPoint,-122.298575292999999,38.156221977800001
347,Point 347,NapaRiver - 75169.314453125 - QPoint,-122.294542160000006,38.149998082800003
348,Point 348,NapaRiver - 76003 - HPoint,-122.286668272000000,38.145821133699997
349,Point 349,RectorCreek - 0 - HPoint,-122.290998213999998,38.454091381799998
350,Point 350,RectorCreek - 500 - QPoint,-122.293621985000001,38.450726139799997
351,Point 351,RectorCreek - 1000 - HPoint,-122.293079813000006,38.446840486399999
352,Point 352,RectorCreek - 1500 - QPoint,-122.296083777999996,38.443563960399999
353,Point 353,RectorCreek - 2000 - HPoint,-122.299938202000007,38.443773133599997
354,Point 354,RectorCreek - 2500 - QPoint,-122.304197813000002,38.445769229299998
355,Point 355,RectorCreek - 3000 - HPoint,-122.307120640999997,38.447291240799998
356,Point 356,RectorCreek - 3500 - QPoint,-122.312233254999995,38.447902368500003
357,Point 357,RectorCreek - 4000 - HPoint,-122.317314846000002,38.447476803100002
358,Point 358,RectorCreek - 4500 - QPoint,-122.321870500000003,38.448470585700001
359,Point 359,RectorCreek - 5000 - HPoint,-122.326009577999997,38.446216222399997
360,Point 360,RectorCreek - 5308.5 - QPoint,-122.328414060000000,38.444441700399999
361,Point 361,RectorCreek - 5617 - HPoint,-122.331397140999997,38.444793539000003
362,Point 362,RectorLower - 0 - HPoint,-122.346269911999997,38.440876107500003
363,Point 363,RectorLower - 50 - StructurePoint,-122.346833755999995,38.440954991900000
364,Point 364,RectorLower - 100 - HPoint,-122.347397602000001,38.441033873599999
365,Point 365,RectorLower - 300 - QPoint,-122.348957619000004,38.440011943400002
366,Point 366,RectorLower - 500 - HPoint,-122.350153864999996,38.438611793900002
367,Point 367,RectorLower - 750 - QPoint,-122.352395158999997,38.437225593100003
368,Point 368,RectorLower - 1000 - HPoint,-122.355040685000006,38.436660456600002
369,Point 369,RectorLower - 1500 - QPoint,-122.359448892000003,38.434071239300003
370,Point 370,RectorLower - 2000 - HPoint,-122.364607277000005,38.433484939200000
371,Point 371,RectorLower - 2399.5 - QPoint,-122.367847527999999,38.431186950099999
372,Point 372,RectorLower - 2799 - HPoint,-122.370947806000004,38.428547422699999
373,Point 373,RectorReservoir - 0 - HPoint,-122.332083605999998,38.444611390699997
374,Point 374,RectorReservoir - 150 - QPoint,-122.333091749000005,38.443588215200002
375,Point 375,RectorReservoir - 300 - HPoint,-122.333606605000000,38.442304585899997
376,Point 376,RectorReservoir - 425 - QPoint,-122.333948770000006,38.441211099400000
377,Point 377,RectorReservoir - 550 - HPoint,-122.335158371000006,38.440860430999997
378,Point 378,RectorReservoir - 775 - QPoint,-122.337715709999998,38.441021415000002
379,Point 379,RectorReservoir - 1000 - HPoint,-122.340081917999996,38.441695438499998
380,Point 380,RectorReservoir - 1100 - QPoint,-122.341076247000004,38.442142699700000
381,Point 381,RectorReservoir - 1200 - HPoint,-122.342112585999999,38.442332435200001
382,Point 382,RectorReservoir - 1360 - QPoint,-122.343819499999995,38.441846663800000
383,Point 383,RectorReservoir - 1520 - HPoint,-122.345354430000000,38.441059025100003
384,Point 384,RedwoodCreek - 0 - HPoint,-122.448196687999996,38.364760689299999
385,Point 385,RedwoodCreek - 500 - QPoint,-122.442872887999997,38.363387164999999
386,Point 386,RedwoodCreek - 1000 - HPoint,-122.437732462000000,38.361455202999998
387,Point 387,RedwoodCreek - 1500 - QPoint,-122.433169840999994,38.359186805400000
388,Point 388,RedwoodCreek - 2000 - HPoint,-122.429990798999995,38.356062363299998
389,Point 389,RedwoodCreek - 2500 - QPoint,-122.424765879999995,38.354336626299997
390,Point 390,RedwoodCreek - 3000 - HPoint,-122.421853788999996,38.351300231200000
391,Point 391,RedwoodCreek - 3500 - QPoint,-122.419215210999994,38.347992900500003
392,Point 392,RedwoodCreek - 4000 - HPoint,-122.416315780999994,38.344481743599999
393,Point 393,RedwoodCreek - 4500 - QPoint,-122.410767097000004,38.344502115200001
394,Point 394,RedwoodCreek - 5000 - HPoint,-122.405644123000002,38.344000281400000
395,Point 395,RedwoodCreek - 5500 - QPoint,-122.400846317000003,38.345411846700003
396,Point 396,RedwoodCreek - 6000 - HPoint,-122.395837947000004,38.343724584699999
397,Point 397,RedwoodCreek - 6500 - QPoint,-122.391253083999999,38.341840782200002
398,Point 398,RedwoodCreek - 7000 - HPoint,-122.387168310000007,38.341187417500002
399,Point 399,RedwoodCreek - 7500 - QPoint,-122.383632637999995,38.338809688200001
400,Point 400,RedwoodCreek - 8000 - HPoint,-122.381276416999995,38.335876861000003
401,Point 401,RedwoodCreek - 8498.55517578125 - QPoint,-122.376444157999998,38.334643298300001
402,Point 402,RedwoodCreek - 8997.1103515625 - HPoint,-122.372170851000007,38.333499838800002
403,Point 403,RedwoodCreek - 9498.55517578125 - QPoint,-122.367609037999998,38.332133253099997
404,Point 404,RedwoodCreek - 10000 - HPoint,-122.364134422999996,38.334923386299998
405,Point 405,RedwoodCreek - 10500 - QPoint,-122.359561620999997,38.334657867499999
406,Point 406,RedwoodCreek - 11000 - HPoint,-122.355390864000000,38.333142203900003
407,Point 407,RedwoodCreek - 11500 - QPoint,-122.352947436999997,38.329314682499998
408,Point 408,RedwoodCreek - 12000 - HPoint,-122.349378182999999,38.325921031699998
409,Point 409,RedwoodCreek - 12500 - QPoint,-122.348366695999999,38.322106043500000
410,Point 410,RedwoodCreek - 13000 - HPoint,-122.344412567999996,38.319970092100000
411,Point 411,RedwoodCreek - 13500 - QPoint,-122.343095931999997,38.316623043000000
412,Point 412,RedwoodCreek - 14000 - HPoint,-122.339379692999998,38.316577154999997
413,Point 413,RedwoodCreek - 15000 - QPoint,-122.332026158999994,38.315769266099998
414,Point 414,RedwoodCreek - 16000 - HPoint,-122.324632766999997,38.315974036999997
415,Point 415,RedwoodCreek - 16500 - QPoint,-122.321801344999997,38.313205089500002
416,Point 416,RedwoodCreek - 17000 - HPoint,-122.321640131999999,38.309900470800002
417,Point 417,RedwoodCreek - 17551.6953125 - QPoint,-122.317527607000002,38.306645113300000
418,Point 418,RedwoodCreek - 18103.390625 - HPoint,-122.312568209000005,38.304127740600002
419,Point 419,RedwoodCreek - 18551.6953125 - QPoint,-122.308453297000000,38.302509881200002
420,Point 420,RedwoodCreek - 19000 - HPoint,-122.304352535999996,38.301923888099999
421,Point 421,RedwoodCreek - 19500 - QPoint,-122.299789970000006,38.301209755400002
422,Point 422,RedwoodCreek - 20000 - HPoint,-122.295490461000000,38.299670822899998
423,Point 423,RedwoodCreek - 20700.5 - QPoint,-122.290399387999997,38.301126084000003
424,Point 424,RedwoodCreek - 21401 - HPoint,-122.284308694999993,38.298885670899999
425,Point 425,SageCreek - 0 - HPoint,-122.297650531000002,38.538397515400000
426,Point 426,SageCreek - 496.90701293945313 - QPoint,-122.295942733000004,38.534142607600003
427,Point 427,SageCreek - 993.81402587890625 - HPoint,-122.292552626000003,38.531563727200002
428,Point 428,SageCreek - 1487.6269836425781 - QPoint,-122.288727480999995,38.528332475100001
429,Point 429,SageCreek - 1981.43994140625 - HPoint,-122.286918452999998,38.524195416399998
430,Point 430,SageCreek - 2410.2650146484375 - QPoint,-122.284587391000002,38.520877603000002
431,Point 431,SageCreek - 2839.090087890625 - HPoint,-122.281028347000003,38.518268812499997
432,Point 432,SageCreek - 3369.5450439453125 - QPoint,-122.278373615000007,38.514226338699999
433,Point 433,SageCreek - 3900 - HPoint,-122.278394548999998,38.510569866899999
434,Point 434,SageCreek - 4450 - QPoint,-122.277051642000004,38.506374759700002
435,Point 435,SageCreek - 5000 - HPoint,-122.282382837000000,38.505373223299998
436,Point 436,SageCreek - 6000 - QPoint,-122.292757472999995,38.506506184400003
437,Point 437,SageCreek - 7000 - HPoint,-122.293572014999995,38.499928928899998
438,Point 438,SageCreek - 7899.62451171875 - QPoint,-122.293132549000006,38.492708097200001
439,Point 439,SageCreek - 8799.2490234375 - HPoint,-122.298578965000004,38.486143636999998
440,Point 440,SageCreek - 9320.07421875 - QPoint,-122.304050544000006,38.486517570399997
441,Point 441,SageCreek - 9840.8994140625 - HPoint,-122.309359575000002,38.487646804400001
442,Point 442,SageCreek - 10837.424560546875 - QPoint,-122.319790503999997,38.488174579700001
443,Point 443,SageCreek - 11833.94970703125 - HPoint,-122.329960698999997,38.490304974899999
444,Point 444,SageCreek - 12830.474853515625 - QPoint,-122.340233337000001,38.491469855299997
445,Point 445,SageCreek - 13827 - HPoint,-122.349597900999996,38.488973565700000
446,Point 446,SulphurCreek - 0 - HPoint,-122.529336255000004,38.490182305300003
447,Point 447,SulphurCreek - 500.54000854492188 - QPoint,-122.525168832000006,38.492385904499997
448,Point 448,SulphurCreek - 1001.0800170898438 - HPoint,-122.520988630000005,38.495110579200002
449,Point 449,SulphurCreek - 1501.6250305175781 - QPoint,-122.515868264999995,38.495448741300002
450,Point 450,SulphurCreek - 2002.1700439453125 - HPoint,-122.511327260000002,38.493834763999999
451,Point 451,SulphurCreek - 2329.2390747070313 - QPoint,-122.510179809999997,38.491666967800001
452,Point 452,SulphurCreek - 2656.30810546875 - HPoint,-122.508583235000003,38.489374552000001
453,Point 453,SulphurCreek - 3328.154052734375 - QPoint,-122.502487482999996,38.490170731299997
454,Point 454,SulphurCreek - 4000 - HPoint,-122.496655223999994,38.489603176000003
455,Point 455,SulphurCreek - 4500 - QPoint,-122.491891346000003,38.488250601899999
456,Point 456,SulphurCreek - 5000 - HPoint,-122.487033772999993,38.487845716999999
457,Point 457,SulphurCreek - 5382.14208984375 - QPoint,-122.483256893999993,38.487466314499997
458,Point 458,SulphurCreek - 5764.2841796875 - HPoint,-122.479452561000002,38.486976506900000
459,Point 459,SulphurCreek - 6382.14208984375 - QPoint,-122.475572623999994,38.490690966300001
460,Point 460,SulphurCreek - 7000 - HPoint,-122.470028636999999,38.493821767599997
461,Point 461,SulphurCreek - 7411.361083984375 - QPoint,-122.467705398999996,38.496917572100003
462,Point 462,SulphurCreek - 7822.72216796875 - HPoint,-122.467047049000001,38.500450614099996
463,Point 463,SulphurCreek - 8593.861083984375 - QPoint,-122.463679048000003,38.506121244500001
464,Point 464,SulphurCreek - 9365 - HPoint,-122.458517380000004,38.511115300699998
465,Point 465,TulucayCreek - 0 - HPoint,-122.208527500000002,38.302921379700003
466,Point 466,TulucayCreek - 500 - QPoint,-122.212270055999994,38.299922795999997
467,Point 467,TulucayCreek - 1000 - HPoint,-122.216662431000003,38.297430742200000
468,Point 468,TulucayCreek - 1542.6300048828125 - QPoint,-122.220243448999994,38.293779516400001
469,Point 469,TulucayCreek - 2085.260009765625 - HPoint,-122.225711687000000,38.295123152700000
470,Point 470,TulucayCreek - 2542.6300048828125 - QPoint,-122.230786785999996,38.295132593300004
471,Point 471,TulucayCreek - 3000 - HPoint,-122.235600410000004,38.293807665599999
472,Point 472,TulucayCreek - 3229.884521484375 - QPoint,-122.238175771000002,38.293680945500000
473,Point 473,TulucayCreek - 3459.76904296875 - HPoint,-122.239931530000007,38.292410120000000
474,Point 474,TulucayCreek - 3729.884521484375 - QPoint,-122.242536642999994,38.291253166300002
475,Point 475,TulucayCreek - 4000 - HPoint,-122.245322251999994,38.290668017199998
476,Point 476,TulucayCreek - 4500 - QPoint,-122.250127891999995,38.290816400700002
477,Point 477,TulucayCreek - 5000 - HPoint,-122.255184944000007,38.290701547700003
478,Point 478,TulucayCreek - 5371.782958984375 - QPoint,-122.258166277000001,38.291254141099998
479,Point 479,TulucayCreek - 5743.56591796875 - HPoint,-122.261297068000005,38.289661045599999
480,Point 480,TulucayCreek - 5871.782958984375 - QPoint,-122.262740899999997,38.289538452099997
481,Point 481,TulucayCreek - 6000 - HPoint,-122.264191582999999,38.289402681100000
482,Point 482,TulucayCreek - 6452.676513671875 - QPoint,-122.268863495999994,38.289193210999997
483,Point 483,TulucayCreek - 6905.35302734375 - HPoint,-122.273176969000005,38.287651576700000
484,Point 484,TulucayCreek - 7201.264892578125 - QPoint,-122.275936153999993,38.286131879899997
485,Point 485,TulucayCreek - 7497.1767578125 - HPoint,-122.279228861000007,38.286105583900003
486,Point 486,TulucayCreek - 7622.58837890625 - QPoint,-122.280656977999996,38.286201798800001
487,Point 487,TulucayCreek - 7748 - HPoint,-122.282086989999996,38.286278802699997